{"cameraMode":{"drawMode":0,"name":"Shaded","section":"Shading Mode"},"sceneLighting":true,"audioPlay":false,"sceneViewState":{"m_AlwaysRefresh":false,"showFog":true,"showSkybox":true,"showFlares":true,"showImageEffects":true,"showParticleSystems":true,"showVisualEffectGraphs":true,"m_FxEnabled":true},"in2DMode":false,"pivot":{"x":-0.0951513946056366,"y":1.1245847940444947,"z":-2.517542839050293},"rotation":{"x":0.0033092093653976919,"y":-0.924126386642456,"z":0.3831101953983307,"w":0.007757020648568869},"size":0.6829599738121033,"orthographic":false}