{"cameraMode":{"drawMode":0,"name":"Shaded","section":"Shading Mode"},"sceneLighting":false,"audioPlay":false,"sceneViewState":{"m_AlwaysRefresh":false,"showFog":true,"showSkybox":false,"showFlares":true,"showImageEffects":true,"showParticleSystems":true,"showVisualEffectGraphs":true,"m_FxEnabled":true},"in2DMode":false,"pivot":{"x":0.37896251678466799,"y":0.21519923210144044,"z":0.5175638794898987},"rotation":{"x":0.3973471224308014,"y":0.20939189195632935,"z":-0.09394592046737671,"w":0.8892255425453186},"size":0.8660253882408142,"orthographic":false}